{"cameraMode":{"drawMode":0,"name":"Shaded","section":"Shading Mode"},"sceneLighting":true,"audioPlay":false,"sceneViewState":{"m_AlwaysRefresh":false,"showFog":false,"showSkybox":false,"showFlares":false,"showImageEffects":false,"showParticleSystems":false,"showVisualEffectGraphs":true,"m_FxEnabled":true},"in2DMode":false,"pivot":{"x":0.03282724693417549,"y":-0.7303009033203125,"z":-0.3420480489730835},"rotation":{"x":-0.6774443984031677,"y":0.005953607149422169,"z":-0.0054883151315152649,"w":-0.7355318069458008},"size":10.166254997253418,"orthographic":false}