{"cameraMode":{"drawMode":0,"name":"Shaded","section":"Shading Mode"},"sceneLighting":false,"audioPlay":false,"sceneViewState":{"m_AlwaysRefresh":false,"showFog":false,"showSkybox":false,"showFlares":false,"showImageEffects":false,"showParticleSystems":false,"showVisualEffectGraphs":true,"m_FxEnabled":true},"in2DMode":false,"pivot":{"x":-0.9621800184249878,"y":-0.12030506134033203,"z":0.025488436222076417},"rotation":{"x":-0.16680991649627686,"y":0.6888877749443054,"z":-0.1677154153585434,"w":-0.6851794719696045},"size":3.0611209869384767,"orthographic":false}